{
    "name": "root",
    "gauges": {
        "continues2_BallMagnetsTutorial.Policy.Entropy.mean": {
            "value": 1.3662827014923096,
            "min": 1.3637601137161255,
            "max": 1.4200814962387085,
            "count": 462
        },
        "continues2_BallMagnetsTutorial.Environment.EpisodeLength.mean": {
            "value": 199.5,
            "min": 27.0,
            "max": 200.0,
            "count": 451
        },
        "continues2_BallMagnetsTutorial.Policy.ExtrinsicValueEstimate.mean": {
            "value": 9.078788757324219,
            "min": -0.41807329654693604,
            "max": 9.390019416809082,
            "count": 463
        },
        "continues2_BallMagnetsTutorial.Environment.CumulativeReward.mean": {
            "value": 23.050003051757812,
            "min": -1.0,
            "max": 29.70000457763672,
            "count": 455
        },
        "continues2_BallMagnetsTutorial.Policy.ExtrinsicReward.mean": {
            "value": 23.050003051757812,
            "min": -1.0,
            "max": 29.70000457763672,
            "count": 455
        },
        "continues2_BallMagnetsTutorial.IsTraining.mean": {
            "value": 1.0,
            "min": 1.0,
            "max": 1.0,
            "count": 463
        },
        "continues2_BallMagnetsTutorial.Losses.ValueLoss.mean": {
            "value": 0.44408103823661804,
            "min": 0.0807541236281395,
            "max": 0.5966346263885498,
            "count": 45
        },
        "continues2_BallMagnetsTutorial.Losses.PolicyLoss.mean": {
            "value": 0.07074876129627228,
            "min": 0.05984186381101608,
            "max": 0.07979888468980789,
            "count": 45
        },
        "continues2_BallMagnetsTutorial.Policy.LearningRate.mean": {
            "value": 0.00026601250283420086,
            "min": 0.00026601250283420086,
            "max": 0.0002992435183841735,
            "count": 45
        }
    },
    "metadata": {
        "timer_format_version": "0.1.0",
        "start_time_seconds": "1626343113",
        "python_version": "3.7.10 (default, Feb 26 2021, 13:06:18) [MSC v.1916 64 bit (AMD64)]",
        "command_line_arguments": "C:\\Users\\Hamidrexa\\anaconda3\\envs\\RL\\Scripts\\mlagents-learn config\\trainer_config.yaml --run-id=continues2 --train --force",
        "mlagents_version": "0.16.0",
        "mlagents_envs_version": "0.16.0",
        "communication_protocol_version": "1.0.0",
        "tensorflow_version": "2.5.0",
        "end_time_seconds": "1626343906"
    },
    "total": 793.3195713,
    "count": 1,
    "self": 0.00047720000009121577,
    "children": {
        "run_training.setup": {
            "total": 0.016549900000000006,
            "count": 1,
            "self": 0.016549900000000006
        },
        "TrainerController.start_learning": {
            "total": 793.3025441999999,
            "count": 1,
            "self": 8.366407799998,
            "children": {
                "TrainerController._reset_env": {
                    "total": 5.5909117,
                    "count": 1,
                    "self": 5.5909117
                },
                "TrainerController.advance": {
                    "total": 778.968074600002,
                    "count": 10899,
                    "self": 0.1967693999980611,
                    "children": {
                        "env_step": {
                            "total": 778.7713052000039,
                            "count": 10899,
                            "self": 768.0573548000026,
                            "children": {
                                "SubprocessEnvManager._take_step": {
                                    "total": 10.517118400002603,
                                    "count": 10899,
                                    "self": 0.5548179000048741,
                                    "children": {
                                        "NNPolicy.evaluate": {
                                            "total": 9.96230049999773,
                                            "count": 9711,
                                            "self": 9.96230049999773
                                        }
                                    }
                                },
                                "workers": {
                                    "total": 0.1968319999986985,
                                    "count": 10898,
                                    "self": 0.0,
                                    "children": {
                                        "worker_root": {
                                            "total": 786.7847934000047,
                                            "count": 10898,
                                            "is_parallel": true,
                                            "self": 49.502906100000246,
                                            "children": {
                                                "steps_from_proto": {
                                                    "total": 0.00046370000000006684,
                                                    "count": 1,
                                                    "is_parallel": true,
                                                    "self": 0.00010590000000032518,
                                                    "children": {
                                                        "_process_vector_observation": {
                                                            "total": 0.00035779999999974166,
                                                            "count": 2,
                                                            "is_parallel": true,
                                                            "self": 0.00035779999999974166
                                                        }
                                                    }
                                                },
                                                "UnityEnvironment.step": {
                                                    "total": 737.2814236000045,
                                                    "count": 10898,
                                                    "is_parallel": true,
                                                    "self": 2.0449602000132927,
                                                    "children": {
                                                        "UnityEnvironment._generate_step_input": {
                                                            "total": 2.7671473999977376,
                                                            "count": 10898,
                                                            "is_parallel": true,
                                                            "self": 2.7671473999977376
                                                        },
                                                        "communicator.exchange": {
                                                            "total": 726.8517608999935,
                                                            "count": 10898,
                                                            "is_parallel": true,
                                                            "self": 726.8517608999935
                                                        },
                                                        "steps_from_proto": {
                                                            "total": 5.617555099999976,
                                                            "count": 10898,
                                                            "is_parallel": true,
                                                            "self": 1.4433846999997852,