{
    "name": "root",
    "gauges": {
        "continues_BallMagnetsTutorial.Policy.Entropy.mean": {
            "value": 1.3662199974060059,
            "min": 1.3646678924560547,
            "max": 1.4224648475646973,
            "count": 3999
        },
        "continues_BallMagnetsTutorial.Environment.EpisodeLength.mean": {
            "value": 536.5,
            "min": 4.0,
            "max": 999.0,
            "count": 2342
        },
        "continues_BallMagnetsTutorial.Policy.ExtrinsicValueEstimate.mean": {
            "value": 9.695536613464355,
            "min": -0.5379047393798828,
            "max": 12.882013320922852,
            "count": 4000
        },
        "continues_BallMagnetsTutorial.Environment.CumulativeReward.mean": {
            "value": 28.533337632815044,
            "min": -1.0,
            "max": 174.00002670288086,
            "count": 2371
        },
        "continues_BallMagnetsTutorial.Policy.ExtrinsicReward.mean": {
            "value": 28.533337632815044,
            "min": -1.0,
            "max": 174.00002670288086,
            "count": 2371
        },
        "continues_BallMagnetsTutorial.IsTraining.mean": {
            "value": 1.0,
            "min": 1.0,
            "max": 1.0,
            "count": 4000
        },
        "continues_BallMagnetsTutorial.Losses.ValueLoss.mean": {
            "value": 0.24390941858291626,
            "min": 0.012911112047731876,
            "max": 0.3678668737411499,
            "count": 394
        },
        "continues_BallMagnetsTutorial.Losses.PolicyLoss.mean": {
            "value": 0.06803198903799057,
            "min": 0.054499391466379166,
            "max": 0.08284609019756317,
            "count": 394
        },
        "continues_BallMagnetsTutorial.Policy.LearningRate.mean": {
            "value": 5.441593202704098e-07,
            "min": 5.441593202704098e-07,
            "max": 0.00029923595138825476,
            "count": 394
        }
    },
    "metadata": {
        "timer_format_version": "0.1.0",
        "start_time_seconds": "1626285970",
        "python_version": "3.7.10 (default, Feb 26 2021, 13:06:18) [MSC v.1916 64 bit (AMD64)]",
        "command_line_arguments": "C:\\Users\\Hamidrexa\\anaconda3\\envs\\RL\\Scripts\\mlagents-learn config\\trainer_config.yaml --run-id=continues --train --force",
        "mlagents_version": "0.16.0",
        "mlagents_envs_version": "0.16.0",
        "communication_protocol_version": "1.0.0",
        "tensorflow_version": "2.5.0",
        "end_time_seconds": "1626291093"
    },
    "total": 5123.4796341,
    "count": 1,
    "self": 0.31739440000001196,
    "children": {
        "run_training.setup": {
            "total": 0.02828419999999987,
            "count": 1,
            "self": 0.02828419999999987
        },
        "TrainerController.start_learning": {
            "total": 5123.1339555,
            "count": 1,
            "self": 107.09352090001812,
            "children": {
                "TrainerController._reset_env": {
                    "total": 9.6613801,
                    "count": 1,
                    "self": 9.6613801
                },
                "TrainerController.advance": {
                    "total": 5005.524649399982,
                    "count": 86425,
                    "self": 2.140806900084499,
                    "children": {
                        "env_step": {
                            "total": 5003.383842499898,
                            "count": 86425,
                            "self": 4858.132946399971,
                            "children": {
                                "SubprocessEnvManager._take_step": {
                                    "total": 142.97994750000737,
                                    "count": 86425,
                                    "self": 7.076184999972384,
                                    "children": {
                                        "NNPolicy.evaluate": {
                                            "total": 135.903762500035,
                                            "count": 83396,
                                            "self": 135.903762500035
                                        }
                                    }
                                },
                                "workers": {
                                    "total": 2.27094859991886,
                                    "count": 86425,
                                    "self": 0.0,
                                    "children": {
                                        "worker_root": {
                                            "total": 5108.251863700023,
                                            "count": 86425,
                                            "is_parallel": true,
                                            "self": 644.5593812000825,
                                            "children": {
                                                "steps_from_proto": {
                                                    "total": 0.0005996000000010326,
                                                    "count": 1,
                                                    "is_parallel": true,
                                                    "self": 0.00013779999999918857,
                                                    "children": {
                                                        "_process_vector_observation": {
                                                            "total": 0.00046180000000184407,
                                                            "count": 2,
                                                            "is_parallel": true,
                                                            "self": 0.00046180000000184407
                                                        }
                                                    }
                                                },
                                                "UnityEnvironment.step": {
                                                    "total": 4463.6918828999405,
                                                    "count": 86425,
                                                    "is_parallel": true,
                                                    "self": 30.072129499933908,
                                                    "children": {
                                                        "UnityEnvironment._generate_step_input": {
                                                            "total": 62.12025779996806,
                                                            "count": 86425,
                                                            "is_parallel": true,
                                                            "self": 62.12025779996806
                                                        },
                                                        "communicator.exchange": {
                                                            "total": 4283.543788599958,
                                                            "count": 86425,
                                                            "is_parallel": true,
                                                            "self": 4283.543788599958
                                                        },
                                                        "steps_from_proto": {
                                                            "total": 87.9557070000802,
                                                            "count": 86425,
                                                            "is_parallel": true,
                                                            "self": 22.101645800132445,