{
    "name": "root",
    "metadata": {
        "timer_format_version": "0.1.0",
        "start_time_seconds": "1667814111",
        "python_version": "3.7.10 (default, Feb 26 2021, 13:06:18) [MSC v.1916 64 bit (AMD64)]",
        "command_line_arguments": "C:\\Users\\Hamidrexa\\anaconda3\\envs\\RL\\Scripts\\mlagents-learn config\\trainer_config.yaml --initialize-from=magnet2D_sec --run-id=magnet2D_thr --train --force",
        "mlagents_version": "0.16.0",
        "mlagents_envs_version": "0.16.0",
        "communication_protocol_version": "1.0.0",
        "tensorflow_version": "2.5.0",
        "end_time_seconds": "1667814124"
    },
    "total": 12.899754999999999,
    "count": 1,
    "self": 0.27184809999999615,
    "children": {
        "run_training.setup": {
            "total": 0.039374200000001025,
            "count": 1,
            "self": 0.039374200000001025
        },
        "TrainerController.start_learning": {
            "total": 12.588532700000002,
            "count": 1,
            "self": 2.572858199999999,
            "children": {
                "TrainerController._reset_env": {
                    "total": 9.581304,
                    "count": 1,
                    "self": 9.581304
                },
                "TrainerController.advance": {
                    "total": 0.26114510000000024,
                    "count": 1,
                    "self": 1.720000000204891e-05,
                    "children": {
                        "env_step": {
                            "total": 0.2611278999999982,
                            "count": 1,
                            "self": 0.04841279999999415,
                            "children": {
                                "SubprocessEnvManager._take_step": {
                                    "total": 0.21269570000000115,
                                    "count": 1,
                                    "self": 6.84000000035212e-05,
                                    "children": {
                                        "NNPolicy.evaluate": {
                                            "total": 0.21262729999999763,
                                            "count": 1,
                                            "self": 0.21262729999999763
                                        }
                                    }
                                },
                                "workers": {
                                    "total": 1.9400000002889328e-05,
                                    "count": 1,
                                    "self": 0.0,
                                    "children": {
                                        "worker_root": {
                                            "total": 2.6873366,
                                            "count": 1,
                                            "is_parallel": true,
                                            "self": 2.6356368999999997,
                                            "children": {
                                                "steps_from_proto": {
                                                    "total": 0.0065856000000010795,
                                                    "count": 1,
                                                    "is_parallel": true,
                                                    "self": 0.0004972000000016408,
                                                    "children": {
                                                        "_process_vector_observation": {
                                                            "total": 0.006088399999999439,
                                                            "count": 2,
                                                            "is_parallel": true,
                                                            "self": 0.006088399999999439
                                                        }
                                                    }
                                                },
                                                "UnityEnvironment.step": {
                                                    "total": 0.04511409999999927,
                                                    "count": 1,
                                                    "is_parallel": true,
                                                    "self": 0.00017429999999762913,
                                                    "children": {
                                                        "UnityEnvironment._generate_step_input": {
                                                            "total": 0.0004456000000008231,
                                                            "count": 1,
                                                            "is_parallel": true,
                                                            "self": 0.0004456000000008231
                                                        },
                                                        "communicator.exchange": {
                                                            "total": 0.04406120000000158,
                                                            "count": 1,
                                                            "is_parallel": true,
                                                            "self": 0.04406120000000158
                                                        },
                                                        "steps_from_proto": {
                                                            "total": 0.00043299999999923955,
                                                            "count": 1,
                                                            "is_parallel": true,
                                                            "self": 9.899999999873899e-05,
                                                            "children": {
                                                                "_process_vector_observation": {
                                                                    "total": 0.00033400000000050056,
                                                                    "count": 2,
                                                                    "is_parallel": true,
                                                                    "self": 0.00033400000000050056
                                                                }
                                                            }
                                                        }
                                                    }
                                                }
                                            }
                                        }
                                    }
                                }
                            }
                        }
                    }
                },
                "trainer_threads": {
                    "total": 2.9000000001389026e-05,
                    "count": 1,
                    "self": 2.9000000001389026e-05,
                    "children": {
                        "thread_root": {
                            "total": 0.0,
                            "count": 0,
                            "is_parallel": true,
                            "self": 0.0,
                            "children": {
                                "trainer_advance": {
                                    "total": 0.27423060000000277,
                                    "count": 18,
                                    "is_parallel": true,
                                    "self": 0.001771500000000259,
                                    "children": {
                                        "process_trajectory": {
                                            "total": 0.2724591000000025,
                                            "count": 18,