{
    "name": "root",
    "metadata": {
        "timer_format_version": "0.1.0",
        "start_time_seconds": "1667835028",
        "python_version": "3.7.10 (default, Feb 26 2021, 13:06:18) [MSC v.1916 64 bit (AMD64)]",
        "command_line_arguments": "C:\\Users\\Hamidrexa\\anaconda3\\envs\\RL\\Scripts\\mlagents-learn config\\trainer_config.yaml --initialize-from=magnet2D_first --run-id=magnet2D_sec --train --force",
        "mlagents_version": "0.16.0",
        "mlagents_envs_version": "0.16.0",
        "communication_protocol_version": "1.0.0",
        "tensorflow_version": "2.5.0",
        "end_time_seconds": "1667835038"
    },
    "total": 9.8379802,
    "count": 1,
    "self": 0.2613574000000014,
    "children": {
        "run_training.setup": {
            "total": 0.016042900000000415,
            "count": 1,
            "self": 0.016042900000000415
        },
        "TrainerController.start_learning": {
            "total": 9.560579899999999,
            "count": 1,
            "self": 2.0428094999999953,
            "children": {
                "TrainerController._reset_env": {
                    "total": 7.0459979,
                    "count": 1,
                    "self": 7.0459979
                },
                "TrainerController.advance": {
                    "total": 0.2980538000000017,
                    "count": 1,
                    "self": 3.24999999996578e-05,
                    "children": {
                        "env_step": {
                            "total": 0.29802130000000204,
                            "count": 1,
                            "self": 0.07686780000000581,
                            "children": {
                                "SubprocessEnvManager._take_step": {
                                    "total": 0.22113969999999838,
                                    "count": 1,
                                    "self": 8.309999999767115e-05,
                                    "children": {
                                        "NNPolicy.evaluate": {
                                            "total": 0.2210566000000007,
                                            "count": 1,
                                            "self": 0.2210566000000007
                                        }
                                    }
                                },
                                "workers": {
                                    "total": 1.3799999997843315e-05,
                                    "count": 1,
                                    "self": 0.0,
                                    "children": {
                                        "worker_root": {
                                            "total": 2.2095524000000006,
                                            "count": 1,
                                            "is_parallel": true,
                                            "self": 2.130254100000002,
                                            "children": {
                                                "steps_from_proto": {
                                                    "total": 0.007613599999999998,
                                                    "count": 1,
                                                    "is_parallel": true,
                                                    "self": 0.0003664999999992702,
                                                    "children": {
                                                        "_process_vector_observation": {
                                                            "total": 0.007247100000000728,
                                                            "count": 2,
                                                            "is_parallel": true,
                                                            "self": 0.007247100000000728
                                                        }
                                                    }
                                                },
                                                "UnityEnvironment.step": {
                                                    "total": 0.07168469999999871,
                                                    "count": 1,
                                                    "is_parallel": true,
                                                    "self": 0.00014529999999979282,
                                                    "children": {
                                                        "UnityEnvironment._generate_step_input": {
                                                            "total": 0.0003323999999995664,
                                                            "count": 1,
                                                            "is_parallel": true,
                                                            "self": 0.0003323999999995664
                                                        },
                                                        "communicator.exchange": {
                                                            "total": 0.07074970000000036,
                                                            "count": 1,
                                                            "is_parallel": true,
                                                            "self": 0.07074970000000036
                                                        },
                                                        "steps_from_proto": {
                                                            "total": 0.0004572999999989946,
                                                            "count": 1,
                                                            "is_parallel": true,
                                                            "self": 0.00010349999999981208,
                                                            "children": {
                                                                "_process_vector_observation": {
                                                                    "total": 0.00035379999999918255,
                                                                    "count": 2,
                                                                    "is_parallel": true,
                                                                    "self": 0.00035379999999918255
                                                                }
                                                            }
                                                        }
                                                    }
                                                }
                                            }
                                        }
                                    }
                                }
                            }
                        }
                    }
                },
                "trainer_threads": {
                    "total": 2.4100000000970567e-05,
                    "count": 1,
                    "self": 2.4100000000970567e-05,
                    "children": {
                        "thread_root": {
                            "total": 0.0,
                            "count": 0,
                            "is_parallel": true,
                            "self": 0.0,
                            "children": {
                                "trainer_advance": {
                                    "total": 0.3002261999999831,
                                    "count": 20,
                                    "is_parallel": true,
                                    "self": 0.0019311999999835905,
                                    "children": {
                                        "process_trajectory": {
                                            "total": 0.29829499999999953,
                                            "count": 20,