{
    "name": "root",
    "gauges": {
        "1_BallMagnetsTutorial.Policy.Entropy.mean": {
            "value": 1.3662121295928955,
            "min": 1.3662077188491821,
            "max": 1.4189385175704956,
            "count": 1999
        },
        "1_BallMagnetsTutorial.Environment.EpisodeLength.mean": {
            "value": 61.0,
            "min": 6.0,
            "max": 400.0,
            "count": 1976
        },
        "1_BallMagnetsTutorial.Policy.ExtrinsicValueEstimate.mean": {
            "value": 5.711990833282471,
            "min": -4.744941711425781,
            "max": 6.759835720062256,
            "count": 2000
        },
        "1_BallMagnetsTutorial.Environment.CumulativeReward.mean": {
            "value": 14.171303789724004,
            "min": -17.120065379142762,
            "max": 29.02484631538391,
            "count": 1977
        },
        "1_BallMagnetsTutorial.Policy.ExtrinsicReward.mean": {
            "value": 14.171303789724004,
            "min": -17.120065379142762,
            "max": 29.02484631538391,
            "count": 1977
        },
        "1_BallMagnetsTutorial.IsTraining.mean": {
            "value": 1.0,
            "min": 1.0,
            "max": 1.0,
            "count": 2000
        },
        "1_BallMagnetsTutorial.Losses.ValueLoss.mean": {
            "value": 4.968943119049072,
            "min": 2.0099751949310303,
            "max": 43.126319885253906,
            "count": 97
        },
        "1_BallMagnetsTutorial.Losses.PolicyLoss.mean": {
            "value": 0.01756315305829048,
            "min": 0.008668811991810799,
            "max": 0.023398421704769135,
            "count": 97
        },
        "1_BallMagnetsTutorial.Policy.LearningRate.mean": {
            "value": 1.396904508510488e-06,
            "min": 1.396904508510488e-06,
            "max": 0.00029692708631046116,
            "count": 97
        }
    },
    "metadata": {
        "timer_format_version": "0.1.0",
        "start_time_seconds": "1670153750",
        "python_version": "3.7.10 (default, Feb 26 2021, 13:06:18) [MSC v.1916 64 bit (AMD64)]",
        "command_line_arguments": "C:\\Users\\Hamidrexa\\anaconda3\\envs\\RL\\Scripts\\mlagents-learn config\\trainer_config.yaml --run-id=1 --train --force",
        "mlagents_version": "0.16.0",
        "mlagents_envs_version": "0.16.0",
        "communication_protocol_version": "1.0.0",
        "tensorflow_version": "2.5.0",
        "end_time_seconds": "1670155696"
    },
    "total": 1946.3948522,
    "count": 1,
    "self": 0.5411110000002282,
    "children": {
        "run_training.setup": {
            "total": 0.006737000000000215,
            "count": 1,
            "self": 0.006737000000000215
        },
        "TrainerController.start_learning": {
            "total": 1945.8470042,
            "count": 1,
            "self": 40.97915850001277,
            "children": {
                "TrainerController._reset_env": {
                    "total": 27.0404703,
                    "count": 1,
                    "self": 27.0404703
                },
                "TrainerController.advance": {
                    "total": 1877.3585377999873,
                    "count": 54891,
                    "self": 0.9445708999880935,
                    "children": {
                        "env_step": {
                            "total": 1876.4139668999992,
                            "count": 54891,
                            "self": 1827.5102101999955,
                            "children": {
                                "SubprocessEnvManager._take_step": {
                                    "total": 47.94978000001045,
                                    "count": 54891,
                                    "self": 2.396084400005691,
                                    "children": {
                                        "NNPolicy.evaluate": {
                                            "total": 45.55369560000476,
                                            "count": 41680,
                                            "self": 45.55369560000476
                                        }
                                    }
                                },
                                "workers": {
                                    "total": 0.9539766999933335,
                                    "count": 54891,
                                    "self": 0.0,
                                    "children": {
                                        "worker_root": {
                                            "total": 1916.3470777999964,
                                            "count": 54891,
                                            "is_parallel": true,
                                            "self": 257.1352351000271,
                                            "children": {
                                                "steps_from_proto": {
                                                    "total": 0.0006598999999987143,
                                                    "count": 1,
                                                    "is_parallel": true,
                                                    "self": 0.0003109999999963975,
                                                    "children": {
                                                        "_process_vector_observation": {
                                                            "total": 0.0003489000000023168,
                                                            "count": 2,
                                                            "is_parallel": true,
                                                            "self": 0.0003489000000023168
                                                        }
                                                    }
                                                },
                                                "UnityEnvironment.step": {
                                                    "total": 1659.2111827999693,
                                                    "count": 54891,
                                                    "is_parallel": true,
                                                    "self": 11.264883299997337,
                                                    "children": {
                                                        "UnityEnvironment._generate_step_input": {
                                                            "total": 16.611112700001108,
                                                            "count": 54891,
                                                            "is_parallel": true,
                                                            "self": 16.611112700001108
                                                        },
                                                        "communicator.exchange": {
                                                            "total": 1600.1928498999687,
                                                            "count": 54891,
                                                            "is_parallel": true,
                                                            "self": 1600.1928498999687
                                                        },
                                                        "steps_from_proto": {
                                                            "total": 31.142336900002142,
                                                            "count": 54891,
                                                            "is_parallel": true,
                                                            "self": 7.860677199982149,
                                                            "children": {
                                                                "_process_vector_observation": {
                                                                    "total": 23.281659700019993,