{
    "name": "root",
    "gauges": {
        "2_BallMagnetsTutorial.Policy.Entropy.mean": {
            "value": 1.3855453729629517,
            "min": 1.385545253753662,
            "max": 1.4189385175704956,
            "count": 795
        },
        "2_BallMagnetsTutorial.Environment.EpisodeLength.mean": {
            "value": 148.57142857142858,
            "min": 1.0,
            "max": 400.0,
            "count": 760
        },
        "2_BallMagnetsTutorial.Policy.ExtrinsicValueEstimate.mean": {
            "value": 0.9868934750556946,
            "min": -6.126574993133545,
            "max": 1.391714096069336,
            "count": 795
        },
        "2_BallMagnetsTutorial.Environment.CumulativeReward.mean": {
            "value": 12.7790949990352,
            "min": -17.41016960144043,
            "max": 33.516179263591766,
            "count": 761
        },
        "2_BallMagnetsTutorial.Policy.ExtrinsicReward.mean": {
            "value": 12.7790949990352,
            "min": -17.41016960144043,
            "max": 33.516179263591766,
            "count": 761
        },
        "2_BallMagnetsTutorial.IsTraining.mean": {
            "value": 1.0,
            "min": 1.0,
            "max": 1.0,
            "count": 795
        },
        "2_BallMagnetsTutorial.Losses.ValueLoss.mean": {
            "value": 2.2531235218048096,
            "min": 1.2780784368515015,
            "max": 51.82058334350586,
            "count": 38
        },
        "2_BallMagnetsTutorial.Losses.PolicyLoss.mean": {
            "value": 0.016970885917544365,
            "min": 0.00914519652724266,
            "max": 0.02300081215798855,
            "count": 38
        },
        "2_BallMagnetsTutorial.Policy.LearningRate.mean": {
            "value": 0.0001830351393437013,
            "min": 0.0001830351393437013,
            "max": 0.00029692708631046116,
            "count": 38
        }
    },
    "metadata": {
        "timer_format_version": "0.1.0",
        "start_time_seconds": "1670158147",
        "python_version": "3.7.10 (default, Feb 26 2021, 13:06:18) [MSC v.1916 64 bit (AMD64)]",
        "command_line_arguments": "C:\\Users\\Hamidrexa\\anaconda3\\envs\\RL\\Scripts\\mlagents-learn config\\trainer_config.yaml --run-id=2 --train --force",
        "mlagents_version": "0.16.0",
        "mlagents_envs_version": "0.16.0",
        "communication_protocol_version": "1.0.0",
        "tensorflow_version": "2.5.0",
        "end_time_seconds": "1670158972"
    },
    "total": 824.9183985999999,
    "count": 1,
    "self": 0.001768999999967491,
    "children": {
        "run_training.setup": {
            "total": 0.01625379999999943,
            "count": 1,
            "self": 0.01625379999999943
        },
        "TrainerController.start_learning": {
            "total": 824.9003758,
            "count": 1,
            "self": 17.653710499998397,
            "children": {
                "TrainerController._reset_env": {
                    "total": 26.2509341,
                    "count": 1,
                    "self": 26.2509341
                },
                "TrainerController.advance": {
                    "total": 780.7122540000017,
                    "count": 24217,
                    "self": 0.40279799999916577,
                    "children": {
                        "env_step": {
                            "total": 780.3094560000026,
                            "count": 24217,
                            "self": 761.218680599987,
                            "children": {
                                "SubprocessEnvManager._take_step": {
                                    "total": 18.67628230000623,
                                    "count": 24217,
                                    "self": 0.9379412000020366,
                                    "children": {
                                        "NNPolicy.evaluate": {
                                            "total": 17.73834110000419,
                                            "count": 16594,
                                            "self": 17.73834110000419
                                        }
                                    }
                                },
                                "workers": {
                                    "total": 0.41449310000938056,
                                    "count": 24216,
                                    "self": 0.0,
                                    "children": {
                                        "worker_root": {
                                            "total": 797.1798856999941,
                                            "count": 24216,
                                            "is_parallel": true,
                                            "self": 96.78161039999566,
                                            "children": {
                                                "steps_from_proto": {
                                                    "total": 0.0045364000000027715,
                                                    "count": 1,
                                                    "is_parallel": true,
                                                    "self": 0.00032709999999980255,
                                                    "children": {
                                                        "_process_vector_observation": {
                                                            "total": 0.004209300000002969,
                                                            "count": 2,
                                                            "is_parallel": true,
                                                            "self": 0.004209300000002969
                                                        }
                                                    }
                                                },
                                                "UnityEnvironment.step": {
                                                    "total": 700.3937388999984,
                                                    "count": 24216,
                                                    "is_parallel": true,
                                                    "self": 4.8225857000072665,
                                                    "children": {
                                                        "UnityEnvironment._generate_step_input": {
                                                            "total": 6.689631000002368,
                                                            "count": 24216,
                                                            "is_parallel": true,
                                                            "self": 6.689631000002368
                                                        },
                                                        "communicator.exchange": {
                                                            "total": 676.2373212999963,
                                                            "count": 24216,
                                                            "is_parallel": true,
                                                            "self": 676.2373212999963
                                                        },
                                                        "steps_from_proto": {
                                                            "total": 12.644200899992526,
                                                            "count": 24216,
                                                            "is_parallel": true,
                                                            "self": 3.3186676999970786,
                                                            "children": {
                                                                "_process_vector_observation": {
                                                                    "total": 9.325533199995448,