{
    "name": "root",
    "gauges": {
        "2_BallMagnetsTutorial.Policy.Entropy.mean": {
            "value": 1.4110543727874756,
            "min": 1.4110543727874756,
            "max": 1.4189386367797852,
            "count": 135
        },
        "2_BallMagnetsTutorial.Environment.EpisodeLength.mean": {
            "value": 12.0,
            "min": 8.969696969696969,
            "max": 26.77777777777778,
            "count": 135
        },
        "2_BallMagnetsTutorial.Policy.ExtrinsicValueEstimate.mean": {
            "value": -1.8365333080291748,
            "min": -2.5740697383880615,
            "max": 0.12131138145923615,
            "count": 135
        },
        "2_BallMagnetsTutorial.Environment.CumulativeReward.mean": {
            "value": -3.20902852501188,
            "min": -4.5805592397848764,
            "max": -3.047883743144296,
            "count": 135
        },
        "2_BallMagnetsTutorial.Policy.ExtrinsicReward.mean": {
            "value": -3.20902852501188,
            "min": -4.5805592397848764,
            "max": -3.047883743144296,
            "count": 135
        },
        "2_BallMagnetsTutorial.IsTraining.mean": {
            "value": 1.0,
            "min": 1.0,
            "max": 1.0,
            "count": 135
        },
        "2_BallMagnetsTutorial.Losses.ValueLoss.mean": {
            "value": 1.1234949827194214,
            "min": 1.1234949827194214,
            "max": 3.8985939025878906,
            "count": 6
        },
        "2_BallMagnetsTutorial.Losses.PolicyLoss.mean": {
            "value": 0.015611018054187298,
            "min": 0.008777872659265995,
            "max": 0.022724563255906105,
            "count": 6
        },
        "2_BallMagnetsTutorial.Policy.LearningRate.mean": {
            "value": 0.00028153741732239723,
            "min": 0.00028153741732239723,
            "max": 0.00029692327370867133,
            "count": 6
        }
    },
    "metadata": {
        "timer_format_version": "0.1.0",
        "start_time_seconds": "1670161709",
        "python_version": "3.7.10 (default, Feb 26 2021, 13:06:18) [MSC v.1916 64 bit (AMD64)]",
        "command_line_arguments": "C:\\Users\\Hamidrexa\\anaconda3\\envs\\RL\\Scripts\\mlagents-learn config\\trainer_config.yaml --run-id=2 --train",
        "mlagents_version": "0.16.0",
        "mlagents_envs_version": "0.16.0",
        "communication_protocol_version": "1.0.0",
        "tensorflow_version": "2.5.0",
        "end_time_seconds": "1670161867"
    },
    "total": 157.76014,
    "count": 1,
    "self": 0.0005476000000044223,
    "children": {
        "run_training.setup": {
            "total": 0.007125299999999779,
            "count": 1,
            "self": 0.007125299999999779
        },
        "TrainerController.start_learning": {
            "total": 157.7524671,
            "count": 1,
            "self": 4.741961800000638,
            "children": {
                "TrainerController._reset_env": {
                    "total": 8.444336999999999,
                    "count": 1,
                    "self": 8.444336999999999
                },
                "TrainerController.advance": {
                    "total": 144.34037969999935,
                    "count": 5839,
                    "self": 0.09715889999949923,
                    "children": {
                        "env_step": {
                            "total": 144.24322079999985,
                            "count": 5839,
                            "self": 140.84507729999945,
                            "children": {
                                "SubprocessEnvManager._take_step": {
                                    "total": 3.2981623000003584,
                                    "count": 5839,
                                    "self": 0.18368490000035642,
                                    "children": {
                                        "NNPolicy.evaluate": {
                                            "total": 3.114477400000002,
                                            "count": 2831,
                                            "self": 3.114477400000002
                                        }
                                    }
                                },
                                "workers": {
                                    "total": 0.09998120000004107,
                                    "count": 5838,
                                    "self": 0.0,
                                    "children": {
                                        "worker_root": {
                                            "total": 148.60475240000028,
                                            "count": 5838,
                                            "is_parallel": true,
                                            "self": 31.68014170000015,
                                            "children": {
                                                "steps_from_proto": {
                                                    "total": 0.0006825999999993115,
                                                    "count": 1,
                                                    "is_parallel": true,
                                                    "self": 0.00023809999999890863,
                                                    "children": {
                                                        "_process_vector_observation": {
                                                            "total": 0.0004445000000004029,
                                                            "count": 2,
                                                            "is_parallel": true,
                                                            "self": 0.0004445000000004029
                                                        }
                                                    }
                                                },
                                                "UnityEnvironment.step": {
                                                    "total": 116.92392810000013,
                                                    "count": 5838,
                                                    "is_parallel": true,
                                                    "self": 1.0039947999983525,
                                                    "children": {
                                                        "UnityEnvironment._generate_step_input": {
                                                            "total": 1.0817203999998064,
                                                            "count": 5838,
                                                            "is_parallel": true,
                                                            "self": 1.0817203999998064
                                                        },
                                                        "communicator.exchange": {
                                                            "total": 112.32480060000081,
                                                            "count": 5838,
                                                            "is_parallel": true,
                                                            "self": 112.32480060000081
                                                        },
                                                        "steps_from_proto": {
                                                            "total": 2.5134123000011446,
                                                            "count": 5838,
                                                            "is_parallel": true,
                                                            "self": 0.7327261000002689,