{
    "name": "root",
    "gauges": {
        "twotuator_BallMagnetsTutorial.Policy.Entropy.mean": {
            "value": 2.184615135192871,
            "min": 2.184615135192871,
            "max": 2.184615135192871,
            "count": 1
        },
        "twotuator_BallMagnetsTutorial.Policy.ExtrinsicValueEstimate.mean": {
            "value": 2.0979926586151123,
            "min": 2.0979926586151123,
            "max": 2.0979926586151123,
            "count": 1
        },
        "twotuator_BallMagnetsTutorial.Environment.EpisodeLength.mean": {
            "value": 507.1224489795918,
            "min": 507.1224489795918,
            "max": 507.1224489795918,
            "count": 1
        },
        "twotuator_BallMagnetsTutorial.Environment.CumulativeReward.mean": {
            "value": 49.77347751843686,
            "min": 49.77347751843686,
            "max": 49.77347751843686,
            "count": 1
        },
        "twotuator_BallMagnetsTutorial.Policy.ExtrinsicReward.mean": {
            "value": 49.77347751843686,
            "min": 49.77347751843686,
            "max": 49.77347751843686,
            "count": 1
        },
        "twotuator_BallMagnetsTutorial.Losses.ValueLoss.mean": {
            "value": 0.712104082107544,
            "min": 0.712104082107544,
            "max": 0.712104082107544,
            "count": 1
        },
        "twotuator_BallMagnetsTutorial.Losses.PolicyLoss.mean": {
            "value": 0.06730195879936218,
            "min": 0.06730195879936218,
            "max": 0.06730195879936218,
            "count": 1
        },
        "twotuator_BallMagnetsTutorial.Policy.LearningRate.mean": {
            "value": 0.00029618811095133424,
            "min": 0.00029618811095133424,
            "max": 0.00029618811095133424,
            "count": 1
        },
        "twotuator_BallMagnetsTutorial.IsTraining.mean": {
            "value": 1.0,
            "min": 1.0,
            "max": 1.0,
            "count": 1
        }
    },
    "metadata": {
        "timer_format_version": "0.1.0",
        "start_time_seconds": "1626245507",
        "python_version": "3.7.10 (default, Feb 26 2021, 13:06:18) [MSC v.1916 64 bit (AMD64)]",
        "command_line_arguments": "C:\\Users\\Hamidrexa\\anaconda3\\envs\\RL\\Scripts\\mlagents-learn config\\trainer_config.yaml --run-id=twotuator --train --force",
        "mlagents_version": "0.16.0",
        "mlagents_envs_version": "0.16.0",
        "communication_protocol_version": "1.0.0",
        "tensorflow_version": "2.5.0",
        "end_time_seconds": "1626246299"
    },
    "total": 792.4737914,
    "count": 1,
    "self": 0.002360599999974511,
    "children": {
        "run_training.setup": {
            "total": 0.06108919999999962,
            "count": 1,
            "self": 0.06108919999999962
        },
        "TrainerController.start_learning": {
            "total": 792.4103416,
            "count": 1,
            "self": 33.836162899993724,
            "children": {
                "TrainerController._reset_env": {
                    "total": 56.1198684,
                    "count": 1,
                    "self": 56.1198684
                },
                "TrainerController.advance": {
                    "total": 701.5473442000064,
                    "count": 60703,
                    "self": 1.3122807000181638,
                    "children": {
                        "env_step": {
                            "total": 700.2350634999882,
                            "count": 60703,
                            "self": 620.2034272999732,
                            "children": {
                                "SubprocessEnvManager._take_step": {
                                    "total": 78.73099400001372,
                                    "count": 60703,
                                    "self": 3.0657275000214668,
                                    "children": {
                                        "NNPolicy.evaluate": {
                                            "total": 75.66526649999226,
                                            "count": 60614,
                                            "self": 75.66526649999226
                                        }
                                    }
                                },
                                "workers": {
                                    "total": 1.3006422000012208,
                                    "count": 60702,
                                    "self": 0.0,
                                    "children": {
                                        "worker_root": {
                                            "total": 732.9691692999853,
                                            "count": 60702,
                                            "is_parallel": true,
                                            "self": 217.09239829998478,
                                            "children": {
                                                "steps_from_proto": {
                                                    "total": 0.000560399999997685,
                                                    "count": 1,
                                                    "is_parallel": true,
                                                    "self": 0.0003683999999992693,
                                                    "children": {
                                                        "_process_vector_observation": {
                                                            "total": 0.00019199999999841566,
                                                            "count": 2,
                                                            "is_parallel": true,
                                                            "self": 0.00019199999999841566
                                                        }
                                                    }
                                                },
                                                "UnityEnvironment.step": {
                                                    "total": 515.8762106000005,
                                                    "count": 60702,
                                                    "is_parallel": true,
                                                    "self": 8.908397500027377,
                                                    "children": {
                                                        "UnityEnvironment._generate_step_input": {
                                                            "total": 7.4986388999872915,
                                                            "count": 60702,
                                                            "is_parallel": true,
                                                            "self": 7.4986388999872915
                                                        },
                                                        "communicator.exchange": {
                                                            "total": 474.20971859998446,
                                                            "count": 60702,
                                                            "is_parallel": true,
                                                            "self": 474.20971859998446
                                                        },
                                                        "steps_from_proto": {
                                                            "total": 25.259455600001417,
                                                            "count": 60702,
                                                            "is_parallel": true,
                                                            "self": 15.77157400000064,